"customer_id","total_spent"
14646,"279489.02"
18102,"256438.49"
17450,"187482.17"
14911,"132572.62"
12415,"123725.45"
14156,"113384.14"
17511,"88125.38"
16684,"65892.08"
13694,"62653.10"
15311,"59419.34"
13089,"57385.88"
14096,"57120.91"
15061,"54228.74"
17949,"52750.84"
15769,"51823.72"
16029,"50992.61"
14298,"50862.44"
14088,"50415.49"
17841,"40340.78"
13798,"36351.42"
16422,"33805.69"
12931,"33462.81"
16013,"33366.25"
15838,"33350.76"
17389,"31300.08"
17404,"30300.82"
12748,"29072.10"
13098,"28658.88"
13081,"27964.48"
13408,"27487.41"
14680,"26932.34"
17857,"26763.34"
16333,"26626.80"
13777,"25748.35"
15749,"21535.90"
16210,"21086.30"
12753,"21024.01"
17381,"20272.43"
17675,"20098.10"
15039,"19786.44"
12731,"18793.41"
12471,"18740.92"
15159,"18573.68"
12678,"17588.26"
17428,"17078.45"
13881,"16989.52"
13767,"16945.71"
12921,"16389.74"
12901,"16293.10"
17677,"16219.22"
15856,"16173.67"
15189,"15802.14"
14051,"15477.34"
16839,"15357.78"
14031,"14634.64"
15513,"14520.08"
16133,"14305.66"
14866,"14197.45"
16705,"13946.13"
12681,"13677.59"
12621,"13612.07"
12433,"13375.87"
12540,"13309.04"
12477,"13117.01"
17735,"13110.02"
14258,"12650.08"
15640,"12433.34"
13078,"12432.28"
15498,"12396.46"
16000,"12393.70"
12682,"12288.22"
12557,"11990.96"
16525,"11895.57"
17340,"11891.18"
14606,"11713.85"
12939,"11581.80"
14607,"11341.10"
14194,"11216.75"
15125,"11117.05"
12409,"11056.93"
14895,"11020.26"
12971,"10930.26"
13340,"10736.48"
17581,"10736.11"
13319,"10664.34"
14769,"10641.60"
17139,"10585.57"
13113,"10510.00"
14062,"10464.85"
16779,"10454.05"
17107,"10380.43"
15615,"10360.04"
15251,"10327.11"
16180,"10217.48"
16843,"10183.82"
17865,"10158.54"
17706,"10097.37"
12590,"9861.38"
13199,"9803.96"
13001,"9797.92"
15078,"9623.35"
13458,"9537.92"
14733,"9451.54"
16523,"9295.67"
12709,"9294.10"
14667,"9231.20"
14367,"9167.82"
12744,"9120.39"
12567,"9114.94"
18092,"9065.76"
13969,"8986.69"
12451,"8933.52"
13488,"8910.61"
16033,"8727.61"
13090,"8689.39"
17243,"8628.55"
17306,"8600.73"
17017,"8574.11"
16656,"8568.24"
18139,"8393.22"
16558,"8257.04"
15358,"8234.80"
12683,"8221.09"
14056,"8124.40"
14936,"8117.42"
16672,"8093.59"
13854,"8025.02"
18109,"7925.32"
14952,"7912.79"
14849,"7904.28"
12428,"7877.20"
14796,"7839.51"
12435,"7829.89"
15290,"7803.77"
13629,"7792.36"
13093,"7741.47"
14527,"7711.38"
17811,"7677.71"
15044,"7629.38"
15194,"7521.17"
18172,"7490.17"
13263,"7454.07"
17396,"7330.80"
18229,"7276.90"
13018,"7272.75"
12583,"7187.34"
16745,"7170.70"
12474,"7116.47"
12980,"7092.06"
16729,"7076.28"
13324,"7072.80"
16873,"7066.31"
13985,"7024.53"
14961,"7006.58"
12766,"6989.63"
12798,"6977.04"
15465,"6945.02"
13027,"6912.0"
12989,"6854.51"
16187,"6841.24"
16713,"6840.23"
17416,"6838.34"
12705,"6814.24"
15023,"6763.16"
18055,"6752.14"
16532,"6748.80"
12830,"6748.40"
15601,"6745.36"
13576,"6703.30"
16746,"6694.31"
16353,"6675.71"
16923,"6666.83"
15249,"6657.36"
16652,"6654.26"
16182,"6617.65"
17338,"6612.18"
15482,"6568.72"
12476,"6546.58"
15144,"6530.04"
16814,"6500.60"
15694,"6423.60"
12431,"6416.39"
13871,"6389.80"
12626,"6388.35"
13102,"6336.29"
18223,"6315.23"
16126,"6287.77"
13709,"6249.11"
12359,"6245.53"
12472,"6229.48"
13668,"6216.07"
12357,"6207.67"
17315,"6204.46"
15005,"6180.49"
14057,"6147.40"
14060,"6135.38"
15939,"6102.26"
17509,"6100.74"
13225,"6083.04"
14101,"5976.79"
12637,"5953.25"
15382,"5927.86"
13097,"5893.32"
13418,"5845.44"
14944,"5842.95"
13209,"5820.16"
14505,"5818.70"
13316,"5815.49"
14415,"5811.56"
14735,"5807.69"
15218,"5756.89"
17686,"5739.46"
13178,"5725.47"
12720,"5713.28"
13050,"5684.61"
14110,"5669.65"
16553,"5664.57"
13468,"5656.75"
14049,"5639.15"
13004,"5613.43"
13534,"5613.08"
18118,"5595.77"
17049,"5594.78"
12481,"5590.86"
17757,"5585.49"
12839,"5583.62"
16767,"5580.60"
15502,"5541.46"
17716,"5505.79"
16985,"5461.62"
15805,"5452.17"
16609,"5450.96"
16265,"5423.15"
12490,"5417.93"
17719,"5367.80"
18225,"5361.02"
16161,"5352.97"
13269,"5315.92"
16303,"5305.83"
15150,"5303.97"
17730,"5288.83"
17850,"5288.63"
16258,"5203.51"
18226,"5192.10"
15727,"5178.96"
17858,"5155.66"
12362,"5154.58"
16701,"5150.27"
13756,"5145.12"
15903,"5126.34"
17061,"5116.13"
14688,"5107.38"
18198,"5083.06"
15046,"5064.01"
12432,"5059.32"
13139,"5055.79"
17602,"5050.77"
15719,"5043.96"
16700,"5040.00"
13599,"5030.60"
15301,"5028.12"
17426,"5022.26"
12444,"5005.46"
14755,"4965.38"
15547,"4954.84"
14329,"4928.74"
16191,"4913.32"
13941,"4912.41"
14709,"4911.14"
12437,"4896.66"
17133,"4892.24"
12688,"4873.81"
12700,"4867.99"
12664,"4863.88"
15786,"4834.20"
14292,"4819.33"
17365,"4801.56"
15738,"4788.77"
13013,"4786.99"
15555,"4758.20"
17690,"4748.45"
17652,"4737.13"
12955,"4734.26"
16722,"4711.21"
14562,"4709.22"
12714,"4708.86"
14135,"4690.31"
15152,"4684.24"
14159,"4678.30"
15187,"4670.08"
14191,"4660.01"
14180,"4640.77"
17809,"4627.62"
14189,"4604.31"
16931,"4604.22"
15291,"4596.51"
14286,"4595.81"
14390,"4592.47"
14004,"4582.64"
17068,"4531.34"
17613,"4509.37"
12484,"4495.27"
12524,"4485.72"
12627,"4478.53"
15032,"4464.10"
17364,"4455.73"
14085,"4435.79"
15093,"4410.14"
13267,"4404.44"
17975,"4393.61"
16984,"4392.42"
15955,"4389.81"
16626,"4379.65"
12752,"4366.78"
16945,"4345.50"
15874,"4330.67"
14016,"4328.46"
18251,"4314.72"
12347,"4310.00"
17937,"4301.22"
13505,"4282.88"
15034,"4277.66"
14422,"4263.64"
12712,"4241.63"
14800,"4236.34"
12757,"4227.70"
14525,"4221.37"
12500,"4206.27"
17920,"4204.10"
17419,"4200.97"
15971,"4199.85"
12747,"4196.01"
18041,"4161.14"
16549,"4154.64"
13555,"4149.28"
12949,"4143.02"
13384,"4122.28"
15570,"4109.97"
12536,"4106.82"
13988,"4098.80"
14534,"4075.35"
16592,"4073.28"
12449,"4067.29"
12569,"4064.99"
14092,"4063.10"
16401,"4061.24"
14401,"4039.98"
16670,"4022.46"
13815,"4014.91"
17567,"4012.56"
12378,"4008.62"
16186,"3991.94"
17001,"3989.57"
14547,"3986.74"
12867,"3986.22"
12656,"3982.72"
12957,"3979.04"
15416,"3974.37"
15529,"3967.78"
17769,"3960.63"
13183,"3957.78"
14277,"3957.00"
17611,"3947.87"
12727,"3947.70"
17377,"3925.92"
14426,"3918.90"
17593,"3911.56"
13802,"3906.27"
14739,"3899.10"
17651,"3886.67"
12841,"3876.40"
14291,"3873.30"
12779,"3868.70"
12749,"3868.20"
13124,"3866.33"
13999,"3865.26"
18073,"3864.44"
15195,"3861.00"
12539,"3852.50"
15804,"3848.55"
16327,"3844.22"
12662,"3817.08"
17091,"3802.81"
15867,"3797.79"
16655,"3794.52"
13435,"3794.49"
15299,"3787.09"
12562,"3781.74"
15298,"3774.10"
16168,"3770.60"
18087,"3770.12"
17173,"3755.65"
13523,"3755.38"
16904,"3754.27"
12429,"3750.40"
17238,"3744.65"
12668,"3743.18"
16145,"3741.98"
14282,"3729.34"
15808,"3724.77"
12502,"3723.87"
13069,"3717.82"
13266,"3717.67"
14364,"3717.35"
16240,"3693.81"
12597,"3683.13"
12647,"3669.92"
16253,"3665.62"
17819,"3661.07"
12553,"3652.25"
18079,"3651.97"
15845,"3650.87"
16712,"3645.43"
16440,"3640.67"
15379,"3631.89"
13381,"3626.81"
16570,"3622.95"
13327,"3617.57"
15296,"3610.31"
13137,"3605.08"
16242,"3598.26"
13082,"3595.48"
14132,"3580.13"
12417,"3578.80"
17203,"3563.85"
15484,"3563.11"
13426,"3550.70"
12370,"3545.69"
14503,"3543.26"
15544,"3542.51"
14040,"3542.19"
17491,"3541.92"
17528,"3540.10"
13552,"3539.53"
13334,"3536.82"
17160,"3518.03"
13953,"3515.68"
16131,"3506.54"
15505,"3497.14"
13520,"3487.75"
16458,"3482.74"
14907,"3478.85"
14395,"3471.91"
17230,"3466.67"
13448,"3465.67"
17576,"3457.78"
17758,"3456.70"
15410,"3450.84"
16019,"3450.24"
13536,"3448.29"
15129,"3447.40"
15113,"3439.41"
15581,"3429.97"
15974,"3429.55"
14221,"3427.85"
16360,"3411.69"
13993,"3409.66"
15981,"3408.48"
13437,"3408.06"
17669,"3406.72"
13842,"3385.62"
13198,"3384.09"
15228,"3376.96"
17725,"3371.13"
13014,"3365.43"
16011,"3362.71"
13148,"3348.48"
13015,"3346.28"
12643,"3344.64"
15708,"3329.72"
15676,"3324.09"
12594,"3320.22"
16818,"3317.97"
14227,"3315.71"
16556,"3313.79"
13373,"3312.25"
14841,"3295.76"
17183,"3286.91"
12480,"3281.63"
12406,"3280.75"
16717,"3278.36"
17723,"3276.40"
14702,"3250.64"
13952,"3246.091"
15764,"3245.47"
17050,"3228.84"
15622,"3224.53"
13880,"3219.77"
12613,"3218.98"
12619,"3214.81"
15443,"3212.16"
16107,"3204.16"
17220,"3198.25"
13868,"3192.54"
17685,"3191.53"
13758,"3190.55"
14844,"3189.81"
14388,"3172.04"
16837,"3167.73"
13268,"3167.64"
16041,"3166.40"
17863,"3160.00"
12456,"3153.89"
14145,"3148.20"
15632,"3147.31"
15065,"3135.98"
17231,"3127.82"
13685,"3119.44"
14175,"3108.06"
17672,"3106.62"
13869,"3104.95"
13742,"3102.42"
13135,"3096.00"
17059,"3095.04"
14235,"3093.86"
14099,"3092.97"
15491,"3090.85"
14257,"3087.27"
16326,"3085.96"
13362,"3085.49"
16905,"3085.48"
15998,"3084.17"
13047,"3079.10"
12910,"3075.04"
14565,"3073.77"
18272,"3064.78"
16218,"3054.87"
16940,"3049.88"
14456,"3047.63"
16686,"3043.48"
16607,"3038.67"
16709,"3029.87"
17799,"3026.08"
16156,"3024.62"
13631,"3021.77"
18094,"3017.30"
16678,"3013.83"
12598,"3002.68"
15861,"3000.36"
12395,"2998.28"
14307,"2995.72"
12670,"2986.15"
12916,"2982.35"
15687,"2981.50"
15854,"2974.65"
16497,"2965.69"
15514,"2963.19"
17659,"2954.75"
14639,"2952.34"
17084,"2949.75"
14146,"2949.57"
12754,"2949.12"
16393,"2941.05"
17444,"2940.04"
14868,"2939.64"
14032,"2929.84"
14530,"2925.91"
17512,"2920.04"
12906,"2919.81"
13451,"2916.45"
14543,"2916.17"
12438,"2906.85"
17924,"2894.33"
18144,"2888.75"
15673,"2881.02"
14251,"2879.70"
16633,"2878.15"
14005,"2874.72"
13901,"2867.20"
15628,"2865.64"
12685,"2863.08"
18145,"2861.55"
14299,"2855.35"
12473,"2848.23"
12408,"2842.57"
14535,"2841.09"
14711,"2838.20"
14852,"2836.69"
17596,"2827.93"
13174,"2817.03"
15984,"2816.97"
12356,"2811.43"
16081,"2806.90"
14572,"2803.69"
12758,"2791.59"
17739,"2786.05"
16928,"2781.50"
12388,"2780.66"
14112,"2774.17"
13769,"2771.87"
17644,"2768.98"
15356,"2766.50"
13735,"2766.18"
13230,"2763.41"
16871,"2761.49"
15114,"2760.56"
16764,"2758.25"
14626,"2757.07"
15993,"2756.82"
16316,"2755.56"
12578,"2753.36"
13870,"2751.25"
14854,"2749.89"
17504,"2745.28"
14903,"2744.48"
17213,"2741.08"
14125,"2740.43"
14121,"2740.30"
16003,"2735.37"
12380,"2720.56"
18230,"2716.60"
12840,"2714.27"
13285,"2709.12"
13654,"2707.33"
13971,"2702.22"
18097,"2692.85"
14107,"2688.48"
17386,"2686.42"
14732,"2686.34"
15796,"2666.61"
14713,"2664.26"
12360,"2662.06"
14439,"2661.24"
17069,"2655.22"
13851,"2651.46"
15321,"2650.73"
15696,"2644.46"
13804,"2635.79"
15671,"2635.49"
17402,"2633.85"
18077,"2633.01"
13771,"2631.70"
16618,"2630.64"
12721,"2628.98"
15752,"2628.93"
17965,"2622.57"
18210,"2621.38"
14262,"2618.23"
12708,"2616.32"
12625,"2614.32"
12836,"2612.86"
17346,"2611.58"
16255,"2609.30"
12726,"2609.10"
16241,"2607.87"
14408,"2606.53"
13422,"2601.55"
13644,"2597.52"
16919,"2596.45"
18260,"2595.00"
15782,"2593.94"
13983,"2590.46"
13895,"2588.12"
13021,"2584.40"
12520,"2582.51"
12600,"2581.04"
13911,"2580.91"
15485,"2575.00"
15521,"2574.65"
17655,"2571.74"
15033,"2571.02"
16308,"2560.00"
14397,"2556.68"
15572,"2552.86"
13136,"2545.38"
13344,"2543.72"
14676,"2543.24"
14334,"2539.46"
13883,"2538.75"
18075,"2538.72"
14243,"2535.88"
13471,"2531.58"
16912,"2528.67"
17317,"2524.02"
15245,"2515.84"
17728,"2515.68"
17314,"2514.76"
17700,"2508.89"
18245,"2507.56"
17449,"2504.86"
13695,"2504.13"
13975,"2503.23"
16477,"2494.46"
14546,"2487.02"
14701,"2486.22"
15271,"2485.82"
12913,"2483.63"
16710,"2483.04"
13507,"2479.16"
12455,"2466.86"
17164,"2466.40"
12517,"2464.89"
17131,"2463.17"
13784,"2462.79"
15932,"2461.85"
17682,"2459.33"
14315,"2456.98"
14842,"2456.80"
14659,"2456.53"
15750,"2451.23"
14163,"2445.91"
13588,"2445.12"
13949,"2427.32"
14766,"2423.07"
15606,"2422.64"
13658,"2421.47"
15089,"2420.84"
16143,"2419.84"
12397,"2409.90"
17589,"2404.17"
15980,"2398.86"
13141,"2385.80"
17071,"2385.48"
17530,"2385.00"
14554,"2381.04"
17722,"2380.64"
18065,"2380.08"
14930,"2372.86"
13722,"2369.16"
14493,"2362.84"
17634,"2361.97"
15370,"2360.55"
14030,"2360.09"
14440,"2357.68"
14502,"2351.02"
15140,"2350.00"
15527,"2348.82"
13908,"2347.05"
18259,"2338.60"
17434,"2333.42"
12483,"2327.13"
14239,"2323.50"
14309,"2319.68"
15755,"2318.88"
13994,"2313.14"
13394,"2312.80"
17838,"2312.70"
14290,"2307.45"
15288,"2306.52"
15785,"2303.75"
17211,"2299.67"
15105,"2298.93"
15270,"2298.20"
17954,"2295.37"
13704,"2295.31"
15704,"2293.62"
12615,"2291.19"
17744,"2291.08"
17313,"2288.13"
12684,"2283.63"
17188,"2275.58"
12782,"2273.32"
17768,"2273.18"
14466,"2272.40"
16735,"2269.21"
16550,"2266.25"
18257,"2265.38"
13700,"2265.12"
13527,"2263.76"
16209,"2262.62"
14432,"2255.51"
15235,"2247.51"
16771,"2246.81"
16782,"2242.25"
15665,"2242.01"
15281,"2239.95"
16293,"2236.74"
14700,"2235.30"
18242,"2232.49"
14825,"2226.91"
12704,"2220.84"
12876,"2218.02"
17591,"2215.02"
15373,"2213.11"
17442,"2210.26"
12653,"2209.85"
14211,"2208.30"
15797,"2207.40"
13115,"2205.63"
12755,"2203.20"
13831,"2202.99"
13680,"2202.31"
14226,"2201.64"
17696,"2201.05"
15123,"2199.31"
14776,"2195.58"
16743,"2191.84"
13365,"2191.22"
13862,"2187.31"
15179,"2186.20"
15394,"2183.54"
16628,"2183.04"
15722,"2181.21"
14808,"2175.37"
14560,"2174.18"
16076,"2173.53"
15811,"2171.32"
14341,"2166.38"
12856,"2162.68"
16456,"2158.37"
12935,"2156.45"
13755,"2154.68"
13224,"2150.85"
16966,"2148.47"
17272,"2144.53"
12633,"2140.63"
16057,"2140.22"
13317,"2140.07"
14828,"2139.76"
16379,"2131.90"
17400,"2129.96"
12909,"2128.83"
14360,"2128.23"
16407,"2126.93"
15058,"2124.99"
18061,"2119.41"
13632,"2117.02"
18008,"2116.19"
14691,"2114.33"
14407,"2111.08"
13517,"2109.07"
13265,"2107.66"
18173,"2106.84"
14461,"2103.06"
14515,"2102.09"
12560,"2101.39"
15815,"2100.60"
17191,"2095.13"
18283,"2094.88"
13571,"2092.32"
13297,"2089.85"
12501,"2089.68"
14810,"2087.88"
18044,"2085.65"
16954,"2085.08"
15834,"2084.90"
14306,"2083.42"
18093,"2083.42"
14696,"2070.97"
14482,"2068.15"
14209,"2067.13"
18231,"2066.17"
12928,"2062.70"
16281,"2062.06"
17861,"2059.20"
18241,"2058.09"
12610,"2057.99"
12518,"2056.89"
13126,"2056.29"
17667,"2055.51"
12948,"2053.70"
17086,"2050.08"
17625,"2047.00"
17597,"2044.37"
14232,"2043.93"
13450,"2043.72"
14640,"2042.15"
17090,"2041.85"
17846,"2033.1"
14001,"2030.33"
16409,"2028.88"
16358,"2024.95"
14544,"2024.45"
16875,"2023.47"
18069,"2021.82"
15341,"2020.52"
18219,"2019.77"
14188,"2018.91"
14506,"2012.17"
15531,"2007.44"
15372,"2007.40"
16098,"2005.63"
14730,"2005.06"
17082,"2003.85"
16754,"2002.40"
13305,"2000.86"
18188,"1998.49"
16698,"1998.00"
13630,"1995.68"
17827,"1995.46"
17612,"1992.76"
17679,"1992.11"
17088,"1991.01"
13593,"1990.28"
13495,"1990.12"
17940,"1983.58"
12585,"1982.81"
18204,"1979.30"
13590,"1976.12"
15493,"1967.25"
14462,"1965.90"
17790,"1965.55"
17218,"1960.72"
16341,"1959.38"
14498,"1957.32"
17554,"1952.45"
14653,"1947.55"
17337,"1944.32"
14418,"1937.25"
14472,"1936.84"
14978,"1931.42"
14655,"1930.15"
17406,"1928.72"
17490,"1926.88"
14217,"1925.36"
12528,"1922.28"
13246,"1922.10"
16983,"1920.20"
12674,"1919.31"
12457,"1917.78"
15518,"1911.89"
14285,"1910.01"
14409,"1908.25"
16426,"1908.25"
17228,"1906.09"
16150,"1906.07"
15819,"1905.45"
14250,"1904.05"
16938,"1903.13"
14210,"1900.89"
12762,"1898.52"
16942,"1894.11"
12584,"1893.95"
17870,"1889.40"
14934,"1888.84"
12371,"1887.96"
15641,"1887.20"
12853,"1881.70"
17463,"1881.36"
16170,"1880.42"
16128,"1880.22"
17293,"1875.11"
16986,"1873.20"
15021,"1872.28"
15157,"1869.50"
15367,"1867.69"
14524,"1867.68"
17787,"1865.19"
17738,"1863.35"
15351,"1862.14"
14887,"1862.00"
13982,"1861.11"
13890,"1860.86"
17422,"1853.13"
12423,"1849.11"
13421,"1848.98"
18180,"1843.75"
17469,"1843.06"
12950,"1843.00"
15814,"1842.73"
17015,"1842.56"
16102,"1842.14"
16455,"1841.18"
12963,"1841.03"
12383,"1839.31"
14216,"1839.30"
17519,"1839.07"
14459,"1837.92"
18287,"1837.28"
16152,"1829.04"
15203,"1827.80"
18122,"1826.21"
16153,"1824.23"
16169,"1822.97"
16201,"1821.52"
14533,"1812.62"
16474,"1811.47"
13725,"1809.81"
13650,"1809.34"
16979,"1809.05"
13048,"1805.91"
12381,"1803.96"
14305,"1803.76"
15812,"1801.14"
16249,"1800.07"
13562,"1799.33"
13196,"1797.78"
17750,"1797.57"
12348,"1797.24"
18235,"1796.48"
18179,"1793.17"
17648,"1789.55"
17663,"1788.27"
13875,"1786.79"
13510,"1785.16"
14608,"1785.15"
14935,"1784.71"
17629,"1784.12"
17705,"1781.12"
15260,"1780.77"
16380,"1780.59"
14215,"1777.92"
17092,"1777.78"
13481,"1776.81"
16841,"1774.62"
16719,"1773.92"
14387,"1770.56"
16681,"1770.34"
15864,"1769.78"
15594,"1767.53"
14621,"1765.76"
16751,"1764.72"
17873,"1764.36"
12424,"1760.96"
12823,"1759.50"
15220,"1758.92"
12349,"1757.55"
12645,"1755.38"
13808,"1747.66"
12523,"1745.57"
15067,"1744.76"
15674,"1744.02"
13134,"1740.63"
14595,"1740.60"
17930,"1740.48"
17353,"1740.00"
17754,"1739.92"
15241,"1738.59"
13456,"1737.82"
17457,"1737.70"
14673,"1736.40"
17043,"1735.18"
15050,"1727.17"
13157,"1721.57"
17702,"1719.72"
15267,"1717.36"
17813,"1714.60"
12405,"1710.39"
13094,"1708.86"
15947,"1708.24"
12407,"1708.12"
17162,"1707.21"
16902,"1706.88"
16791,"1706.28"
15950,"1705.26"
17282,"1703.41"
16007,"1701.94"
13824,"1698.94"
14834,"1698.35"
16775,"1695.66"
12764,"1693.88"
16813,"1692.98"
16671,"1692.27"
13763,"1689.46"
12635,"1689.18"
15240,"1685.57"
15380,"1682.36"
13924,"1682.08"
12843,"1680.76"
17147,"1679.64"
14245,"1677.48"
16638,"1676.47"
13149,"1676.06"
17656,"1674.69"
17193,"1674.46"
13647,"1670.22"
16115,"1667.97"
12912,"1662.30"
15214,"1661.44"
15024,"1661.33"
15332,"1661.06"
14045,"1659.75"
13577,"1658.30"
15549,"1655.76"
16711,"1651.03"
15826,"1649.36"
17451,"1648.95"
13184,"1648.79"
13750,"1647.26"
13162,"1644.99"
15002,"1641.76"
17284,"1641.68"
15827,"1641.48"
14837,"1641.20"
12398,"1635.66"
15953,"1634.53"
14164,"1631.77"
16398,"1631.15"
12377,"1628.12"
16515,"1627.13"
14759,"1625.97"
16987,"1625.05"
13425,"1624.21"
15172,"1624.05"
13627,"1624.02"
12530,"1623.63"
17673,"1622.22"
17101,"1621.73"
14178,"1620.93"
14937,"1617.63"
14336,"1614.91"
18161,"1612.79"
15122,"1612.13"
14312,"1611.59"
13614,"1610.46"
14918,"1610.15"
12669,"1607.73"
12868,"1607.06"
15791,"1604.44"
12783,"1603.87"
14573,"1603.72"
16466,"1603.46"
16992,"1601.86"
17828,"1599.97"
14587,"1598.24"
14719,"1592.18"
14970,"1592.06"
13850,"1586.81"
16332,"1583.20"
12393,"1582.60"
16889,"1578.67"
13634,"1575.16"
18178,"1573.41"
15611,"1568.39"
15111,"1567.48"
16496,"1562.22"
13814,"1562.12"
18239,"1561.61"
17837,"1560.53"
16676,"1558.72"
13313,"1555.32"
17085,"1555.05"
14038,"1554.48"
16369,"1553.66"
15660,"1552.01"
13659,"1550.85"
15117,"1550.13"
12865,"1548.07"
14704,"1546.91"
12352,"1545.41"
14441,"1545.14"
14442,"1544.62"
15701,"1542.14"
16365,"1540.42"
13186,"1539.69"
13397,"1539.18"
13849,"1537.95"
12877,"1535.77"
17159,"1534.73"
16283,"1531.51"
12759,"1531.44"
14321,"1530.75"
14567,"1524.46"
15620,"1524.40"
13107,"1524.07"
16244,"1522.75"
16434,"1522.25"
16066,"1521.87"
15906,"1521.79"
13764,"1521.76"
16790,"1520.12"
16880,"1519.08"
13213,"1518.43"
12818,"1517.88"
15532,"1517.08"
16748,"1515.90"
15392,"1515.73"
16053,"1511.95"
17997,"1511.30"
16910,"1510.06"
15265,"1506.12"
15625,"1504.56"
12937,"1504.27"
17152,"1503.50"
15530,"1502.35"
16762,"1501.38"
17571,"1498.51"
16279,"1496.68"
13320,"1491.70"
15916,"1491.24"
15057,"1489.50"
14963,"1487.80"
17002,"1487.78"
17553,"1487.60"
16395,"1486.90"
14878,"1485.54"
14414,"1485.13"
16755,"1484.63"
14758,"1484.06"
18016,"1483.56"
16016,"1483.31"
15427,"1483.14"
17590,"1479.22"
15983,"1475.02"
14246,"1474.06"
16348,"1469.45"
12826,"1468.12"
13692,"1466.87"
15473,"1465.20"
12882,"1463.04"
14541,"1461.65"
16359,"1460.37"
16059,"1459.86"
13309,"1456.79"
13110,"1452.87"
15987,"1451.28"
14229,"1450.60"
14875,"1448.72"
14233,"1447.51"
14591,"1447.14"
16817,"1446.95"
17073,"1446.09"
13461,"1445.00"
13477,"1441.53"
15478,"1441.42"
15858,"1438.85"
14404,"1434.72"
13717,"1432.26"
14566,"1432.00"
13475,"1431.78"
17175,"1430.94"
15426,"1429.90"
16103,"1429.64"
14035,"1428.02"
16996,"1427.46"
14403,"1426.31"
16271,"1423.29"
14740,"1423.21"
17063,"1421.59"
16503,"1421.43"
17288,"1419.73"
15128,"1419.54"
15444,"1418.26"
18116,"1418.03"
14649,"1417.29"
16012,"1415.29"
14901,"1414.99"
17004,"1412.94"
15237,"1412.32"
16394,"1412.06"
15106,"1407.73"
12947,"1407.29"
16173,"1406.57"
17083,"1405.78"
14443,"1400.88"
14741,"1400.34"
14019,"1398.96"
18202,"1396.99"
17856,"1393.79"
17354,"1393.06"
15051,"1391.61"
13414,"1390.50"
13516,"1389.41"
16539,"1388.81"
15453,"1388.37"
15134,"1387.99"
17311,"1384.85"
15898,"1384.68"
13572,"1384.25"
16463,"1383.70"
13995,"1383.49"
17676,"1383.27"
12952,"1382.84"
14116,"1382.74"
16726,"1382.02"
13159,"1379.75"
14113,"1377.92"
15569,"1375.71"
14434,"1372.80"
16669,"1370.87"
14507,"1368.18"
13308,"1367.61"
14897,"1366.38"
15095,"1364.70"
16389,"1362.27"
13232,"1357.60"
18167,"1355.51"
17054,"1353.83"
13813,"1353.41"
17204,"1352.91"
15116,"1352.75"
16245,"1352.36"
14859,"1352.04"
16079,"1352.00"
12770,"1351.45"
12775,"1351.24"
12886,"1351.09"
17368,"1349.52"
12646,"1346.97"
15411,"1346.38"
14154,"1345.62"
15596,"1343.34"
17372,"1342.68"
16317,"1341.65"
16045,"1340.70"
13743,"1340.15"
15398,"1339.63"
15734,"1339.45"
12620,"1339.41"
16110,"1337.48"
17621,"1336.10"
15680,"1333.68"
17932,"1331.57"
12676,"1331.39"
15365,"1330.45"
16493,"1329.66"
16295,"1328.55"
15059,"1325.82"
13396,"1325.29"
16370,"1320.56"
15563,"1319.69"
16083,"1317.62"
12526,"1316.66"
14921,"1316.07"
14102,"1314.73"
16464,"1314.68"
14973,"1314.45"
18177,"1314.17"
15146,"1313.66"
16040,"1313.55"
12364,"1313.10"
12516,"1312.06"
14748,"1311.79"
13012,"1311.62"
14856,"1311.38"
13501,"1310.47"
13168,"1310.14"
13328,"1308.48"
14477,"1307.81"
14071,"1307.41"
12576,"1306.98"
16744,"1304.76"
17919,"1304.04"
15813,"1303.91"
12463,"1303.63"
12919,"1301.44"
15494,"1299.23"
12488,"1298.66"
12372,"1298.04"
17961,"1296.44"
16929,"1295.39"
16224,"1295.30"
16120,"1294.14"
15108,"1291.75"
14047,"1290.01"
14738,"1289.94"
12854,"1289.15"
16571,"1285.22"
17671,"1284.08"
14297,"1284.06"
15136,"1282.45"
16899,"1281.56"
13878,"1281.53"
13538,"1280.85"
14267,"1279.09"
16692,"1276.00"
17019,"1272.61"
12394,"1272.48"
14794,"1272.11"
12630,"1270.88"
14669,"1269.99"
13492,"1269.84"
13431,"1269.10"
15199,"1268.70"
14511,"1267.41"
17158,"1266.97"
13989,"1266.08"
14916,"1264.84"
16951,"1262.75"
15009,"1261.78"
16688,"1260.86"
16842,"1260.44"
14105,"1260.33"
15497,"1259.70"
17388,"1259.56"
14665,"1258.38"
12507,"1258.06"
17412,"1258.06"
17350,"1256.19"
13848,"1255.00"
17262,"1253.36"
17037,"1253.22"
17802,"1251.84"
14698,"1250.76"
13151,"1250.37"
17481,"1249.34"
14383,"1247.69"
12689,"1247.61"
13029,"1247.50"
15004,"1246.32"
16101,"1245.96"
16531,"1244.59"
17633,"1242.34"
17588,"1240.20"
13860,"1240.00"
14893,"1237.85"
14684,"1236.28"
15376,"1233.36"
15910,"1232.18"
18080,"1231.50"
13931,"1230.93"
14428,"1230.14"
14898,"1228.32"
14913,"1227.43"
17584,"1227.30"
12412,"1226.88"
15227,"1219.40"
13491,"1215.82"
12985,"1215.62"
17774,"1215.46"
17410,"1214.72"
13918,"1212.84"
12464,"1212.05"
18263,"1211.08"
15841,"1209.10"
18171,"1208.51"
13208,"1205.90"
13055,"1201.96"
16794,"1201.51"
16800,"1201.49"
13158,"1201.06"
17320,"1200.62"
17800,"1199.01"
15605,"1198.23"
12997,"1197.94"
13211,"1197.42"
17720,"1195.94"
12967,"1194.75"
15145,"1194.73"
12611,"1193.32"
14064,"1188.32"
16612,"1187.66"
13752,"1186.28"
14487,"1183.58"
15630,"1180.40"
17058,"1179.89"
16950,"1178.56"
17653,"1175.88"
12640,"1174.58"
15306,"1174.35"
16639,"1169.38"
12358,"1168.06"
14745,"1167.16"
16653,"1166.92"
14857,"1165.65"
14737,"1164.55"
14261,"1163.45"
14447,"1163.23"
16949,"1161.27"
17348,"1159.52"
15621,"1158.77"
14723,"1158.30"
12885,"1158.27"
13611,"1158.20"
13744,"1156.36"
16184,"1155.54"
16062,"1153.62"
12657,"1152.06"
16042,"1147.37"
13499,"1146.96"
17505,"1145.84"
16766,"1145.60"
15810,"1145.43"
12769,"1143.60"
17770,"1143.27"
12546,"1141.50"
18125,"1141.34"
16270,"1141.24"
13330,"1140.93"
13819,"1140.35"
15088,"1140.27"
16172,"1140.21"
17135,"1139.73"
12494,"1139.35"
17500,"1138.00"
13500,"1136.77"
17242,"1135.04"
18168,"1133.64"
16989,"1133.25"
17585,"1133.07"
13772,"1132.13"
15500,"1131.56"
13882,"1131.28"
12710,"1130.57"
14824,"1127.71"
12609,"1126.85"
17470,"1125.07"
13118,"1125.00"
16637,"1124.59"
12462,"1124.01"
14129,"1123.86"
15436,"1122.53"
13486,"1122.41"
16807,"1121.59"
15737,"1121.21"
17302,"1119.93"
17894,"1119.81"
13064,"1119.49"
16086,"1119.31"
12842,"1118.99"
15716,"1118.81"
17788,"1117.90"
13591,"1117.13"
14971,"1116.57"
13610,"1115.43"
16049,"1111.79"
14161,"1110.52"
14817,"1110.34"
15069,"1109.53"
12399,"1108.65"
15730,"1108.38"
15933,"1107.46"
17562,"1107.38"
16833,"1106.53"
12857,"1106.40"
13447,"1104.23"
17609,"1103.92"
17047,"1100.90"
16350,"1100.47"
15978,"1098.78"
13104,"1098.48"
17966,"1098.43"
14708,"1096.67"
16225,"1096.32"
13652,"1095.08"
15608,"1093.68"
13521,"1093.65"
13476,"1092.77"
15489,"1090.03"
12534,"1089.18"
14744,"1088.53"
17095,"1088.20"
18189,"1084.34"
13467,"1083.71"
15602,"1083.63"
13310,"1083.63"
14561,"1080.76"
16200,"1080.62"
13726,"1079.66"
12354,"1079.40"
14352,"1078.96"
16980,"1078.96"
16563,"1077.74"
15712,"1072.36"
15745,"1071.24"
13635,"1071.03"
17522,"1070.71"
13761,"1070.65"
14212,"1070.48"
14948,"1066.57"
17041,"1065.77"
17277,"1065.35"
17287,"1064.11"
12815,"1063.46"
14411,"1063.00"
16214,"1062.75"
12679,"1058.67"
14465,"1058.62"
14419,"1058.06"
13853,"1056.94"
15238,"1056.54"
15407,"1056.44"
14514,"1055.35"
15977,"1054.73"
16728,"1054.67"
13715,"1053.94"
12716,"1053.49"
14583,"1052.55"
15027,"1051.95"
12849,"1050.89"
14224,"1050.12"
14078,"1049.37"
15464,"1048.85"
15763,"1048.67"
13282,"1047.84"
13791,"1047.68"
14488,"1047.43"
14293,"1046.56"
18130,"1045.74"
15996,"1044.78"
17042,"1044.38"
15192,"1044.32"
16918,"1043.34"
12497,"1043.10"
17727,"1042.55"
15801,"1042.19"
12951,"1042.07"
16094,"1041.83"
13719,"1041.68"
14446,"1039.58"
13131,"1039.30"
16320,"1038.46"
16175,"1037.59"
15985,"1037.42"
16520,"1036.62"
12691,"1035.80"
16260,"1035.45"
15171,"1034.50"
13639,"1033.34"
18221,"1033.31"
12599,"1032.58"
12724,"1031.41"
13253,"1030.40"
17033,"1030.14"
14584,"1029.26"
15333,"1028.56"
16682,"1028.00"
16416,"1026.99"
16533,"1026.94"
13956,"1026.42"
14904,"1025.44"
15777,"1021.61"
14346,"1021.58"
13165,"1021.48"
15839,"1020.74"
13376,"1019.76"
14276,"1019.39"
12828,"1018.71"
14083,"1018.43"
12514,"1017.68"
13728,"1016.14"
13867,"1015.29"
18142,"1014.90"
12642,"1013.26"
12739,"1013.04"
17197,"1013.01"
12936,"1012.90"
14775,"1011.90"
16229,"1010.60"
16174,"1009.55"
16160,"1009.45"
13455,"1007.35"
14631,"1006.98"
13429,"1006.80"
15329,"1005.50"
12572,"1004.72"
15104,"1002.54"
12446,"1002.31"
15706,"1001.81"
12545,"1000.39"
15508,"1000.27"
14214,"1000.23"
18143,"1000.16"
14389,"999.72"
16572,"999.70"
15434,"997.48"
13032,"996.52"
14540,"996.26"
17646,"995.66"
17724,"995.65"
17594,"993.18"
16009,"992.71"
17096,"992.68"
13363,"992.50"
17126,"991.85"
17951,"990.84"
17324,"990.23"
13410,"988.91"
15062,"987.86"
18237,"987.10"
13117,"984.91"
17144,"984.57"
17214,"984.12"
16232,"983.23"
12510,"982.57"
15133,"982.42"
14138,"982.38"
15071,"982.07"
16188,"981.86"
16907,"981.65"
16085,"981.51"
12541,"981.18"
12717,"980.98"
18170,"980.31"
13509,"979.72"
15506,"979.26"
15132,"977.93"
14920,"977.77"
16376,"977.52"
15860,"977.21"
14223,"975.23"
14522,"974.54"
15747,"974.04"
13155,"971.76"
17100,"971.74"
17618,"971.58"
15449,"971.22"
15110,"970.25"
15907,"967.45"
17405,"967.22"
12550,"964.83"
14931,"964.68"
14195,"962.70"
13138,"962.39"
14006,"962.19"
15156,"961.49"
16419,"959.48"
15658,"958.90"
18192,"957.97"
13823,"957.66"
15948,"955.24"
17244,"954.90"
15835,"954.09"
16934,"950.93"
15421,"950.36"
16511,"950.26"
15793,"948.96"
13748,"948.25"
15787,"948.05"
12458,"947.40"
15681,"946.36"
15707,"945.58"
13261,"944.10"
12820,"942.34"
14075,"942.26"
13636,"941.62"
15576,"940.67"
17227,"939.32"
14629,"939.21"
12697,"939.02"
17097,"937.92"
17289,"936.16"
13026,"936.15"
15289,"935.10"
14256,"935.06"
16657,"933.62"
13655,"932.97"
14532,"932.85"
12924,"929.95"
15201,"927.84"
13805,"924.60"
15654,"922.53"
13122,"922.39"
16551,"922.12"
13934,"922.10"
15312,"921.10"
17018,"920.10"
14140,"920.05"
13075,"919.61"
12822,"918.98"
14015,"917.34"
14712,"917.07"
17236,"916.13"
13549,"916.12"
15253,"915.30"
16216,"914.93"
12652,"914.53"
15587,"913.68"
15364,"913.19"
16809,"912.74"
13782,"912.00"
13192,"911.94"
16714,"911.53"
14289,"911.26"
18096,"911.15"
13350,"910.72"
13689,"910.00"
17552,"909.96"
15511,"909.23"
17323,"908.99"
13038,"908.46"
16584,"908.03"
14449,"907.10"
15480,"905.50"
15022,"905.04"
14081,"904.67"
12722,"904.33"
15807,"903.90"
12994,"902.22"
17566,"901.21"
17848,"901.20"
17886,"899.61"
13810,"899.51"
17537,"897.62"
17044,"897.43"
16361,"896.66"
18194,"896.00"
15865,"895.13"
15211,"894.41"
15079,"893.66"
12772,"892.47"
13515,"891.12"
15255,"890.85"
14240,"890.34"
14344,"889.93"
17829,"889.24"
17527,"888.86"
16347,"887.65"
13035,"886.63"
15822,"885.47"
17704,"885.19"
15799,"884.14"
14597,"883.15"
14359,"882.58"
18236,"882.24"
13037,"881.07"
15076,"880.85"
13662,"879.08"
14141,"879.03"
17731,"878.20"
15653,"877.44"
17007,"877.43"
14770,"876.42"
12940,"876.29"
13566,"874.71"
16513,"874.59"
13294,"873.74"
12847,"871.54"
13200,"870.09"
13979,"869.87"
17109,"869.68"
12694,"869.67"
13203,"869.46"
14623,"869.35"
16801,"867.83"
15208,"867.62"
14715,"867.38"
16121,"867.11"
14332,"866.31"
16567,"865.60"
16221,"864.86"
17048,"864.32"
12680,"862.81"
16266,"861.89"
17649,"861.74"
12794,"860.41"
13339,"860.12"
14577,"859.71"
17064,"859.35"
14553,"859.27"
16235,"858.41"
16037,"855.02"
17560,"854.95"
16877,"853.72"
14193,"853.39"
16070,"852.15"
16027,"852.12"
16020,"851.01"
13991,"850.63"
12379,"850.29"
17027,"848.59"
12713,"848.55"
14625,"848.48"
13846,"847.61"
13221,"847.41"
16222,"846.72"
15965,"845.64"
14803,"845.55"
17624,"843.48"
15164,"843.05"
12878,"841.64"
14912,"841.52"
14862,"841.20"
17076,"841.08"
13940,"839.14"
14657,"838.27"
15832,"836.79"
12728,"836.33"
17759,"834.99"
13835,"834.57"
17929,"834.50"
16644,"833.78"
15862,"832.88"
12693,"830.96"
13681,"827.83"
16747,"826.96"
12461,"826.88"
16494,"826.53"
17921,"826.52"
16284,"823.97"
14231,"822.06"
13893,"821.10"
13220,"819.29"
17764,"818.82"
17169,"816.88"
16943,"816.73"
16560,"816.51"
16108,"816.10"
15649,"816.00"
15399,"815.77"
14499,"815.32"
13280,"814.86"
16460,"814.72"
18064,"814.00"
17075,"813.77"
16600,"813.52"
16621,"813.48"
14421,"813.11"
15644,"813.00"
17980,"811.45"
15525,"811.02"
16276,"810.60"
16624,"810.57"
13637,"810.50"
16660,"810.45"
16891,"809.70"
17115,"806.90"
15952,"806.57"
13707,"806.41"
12421,"806.27"
16869,"805.62"
16367,"804.49"
12778,"804.23"
12422,"803.56"
13929,"802.85"
16164,"802.53"
18265,"801.51"
16806,"801.49"
17905,"800.24"
13720,"799.90"
14475,"799.82"
13030,"799.48"
17703,"798.74"
16438,"798.35"
13389,"797.96"
12701,"797.71"
13336,"795.12"
15990,"792.11"
13167,"791.33"
13016,"789.89"
13323,"787.85"
15806,"784.58"
15743,"784.46"
17387,"784.11"
16054,"783.90"
18248,"783.02"
17006,"781.78"
17341,"781.36"
13884,"781.30"
15679,"781.28"
13583,"781.03"
13212,"780.58"
14644,"780.46"
17797,"780.43"
17180,"780.38"
12735,"779.57"
16092,"779.36"
14815,"778.50"
17414,"778.00"
16505,"777.60"
13563,"777.53"
12425,"777.20"
15353,"777.02"
13341,"775.85"
14234,"775.46"
16825,"775.18"
16725,"775.07"
15414,"774.90"
16043,"773.99"
15075,"773.03"
13375,"772.90"
16759,"772.84"
12965,"771.91"
17409,"771.85"
14662,"771.17"
12628,"769.61"
16480,"769.29"
18228,"769.20"
13356,"768.24"
17516,"768.08"
13109,"766.84"
14976,"765.86"
14550,"765.62"
14672,"765.55"
17695,"765.34"
14885,"765.32"
12434,"765.19"
15239,"764.34"
17268,"763.64"
17466,"763.28"
18136,"761.83"
15599,"761.74"
16205,"761.38"
14412,"761.33"
15066,"760.59"
17425,"759.17"
16036,"758.92"
15568,"758.29"
17461,"757.46"
16470,"757.44"
14883,"756.64"
18104,"754.64"
13730,"752.60"
17146,"749.78"
14923,"749.10"
17411,"748.94"
15074,"748.87"
15656,"748.50"
15831,"747.76"
17114,"747.22"
15618,"747.031"
15533,"746.92"
16261,"746.83"
14050,"746.36"
14790,"745.06"
16770,"744.90"
13354,"743.53"
12374,"742.93"
13753,"741.26"
13900,"740.95"
17974,"740.79"
15252,"740.78"
13329,"740.40"
16924,"739.50"
12603,"739.20"
14756,"738.96"
12976,"738.60"
17979,"737.81"
18156,"734.94"
17034,"734.57"
16146,"734.13"
12465,"733.89"
17692,"733.44"
16256,"732.63"
17812,"732.16"
13575,"732.07"
16099,"731.90"
16491,"731.50"
14778,"730.86"
18035,"730.40"
13077,"729.27"
13950,"728.56"
17666,"728.16"
13236,"727.27"
14055,"725.64"
12723,"725.07"
15636,"724.76"
12468,"724.04"
13736,"724.00"
12475,"723.38"
15561,"722.74"
15584,"722.61"
17521,"721.96"
14869,"721.95"
15272,"721.94"
13370,"721.32"
18062,"720.52"
16023,"719.81"
14179,"719.78"
14725,"718.08"
17884,"717.45"
15274,"716.57"
12535,"716.35"
17029,"716.00"
18133,"715.50"
15330,"714.96"
15757,"714.42"
13169,"712.88"
13147,"712.80"
17761,"712.78"
13416,"712.50"
17642,"712.29"
15855,"712.24"
13705,"711.86"
17179,"711.79"
13249,"711.41"
17472,"710.29"
14127,"709.71"
16136,"709.38"
12427,"708.37"
12781,"707.72"
12453,"707.09"
16364,"707.04"
17526,"706.70"
14880,"706.19"
16882,"705.12"
17934,"704.25"
16140,"703.77"
12883,"703.47"
18082,"703.37"
15103,"703.36"
16730,"702.79"
15574,"702.25"
16997,"702.00"
14867,"701.33"
17321,"700.86"
17734,"700.63"
15800,"699.08"
13258,"698.58"
17796,"697.90"
15053,"697.79"
13596,"697.04"
17397,"696.41"
12413,"694.15"
12925,"694.05"
13601,"693.32"
17198,"692.22"
17733,"692.19"
13838,"691.73"
16015,"690.54"
18085,"689.95"
13023,"689.90"
18196,"689.13"
17502,"689.10"
13799,"688.86"
14111,"688.60"
14201,"688.04"
16309,"686.67"
12658,"686.05"
14009,"685.93"
14959,"684.97"
16122,"684.42"
16495,"684.41"
12942,"683.90"
14222,"683.17"
12838,"683.13"
15582,"682.91"
13548,"682.41"
18135,"681.91"
16212,"681.19"
12410,"681.08"
12478,"680.99"
13238,"680.83"
15304,"680.30"
15181,"680.28"
13524,"680.18"
16872,"680.02"
16642,"679.83"
14788,"679.44"
13607,"678.01"
15669,"677.69"
13040,"676.99"
16377,"676.20"
15626,"675.80"
13325,"675.30"
16418,"675.27"
13355,"674.70"
16449,"674.69"
13464,"674.68"
17749,"674.52"
13951,"674.45"
14504,"673.26"
18121,"673.10"
13623,"672.44"
14628,"671.96"
17883,"671.77"
12638,"671.69"
15951,"669.57"
17299,"669.11"
14643,"668.61"
12418,"668.58"
16383,"668.36"
15031,"668.14"
18022,"668.11"
16268,"667.65"
14356,"666.94"
15400,"666.70"
13741,"666.33"
17777,"665.86"
17105,"665.78"
15038,"665.59"
16056,"664.85"
13963,"664.54"
16208,"664.26"
15700,"664.03"
14720,"663.81"
13240,"663.65"
17423,"663.63"
14198,"663.50"
17462,"662.94"
14451,"662.59"
14603,"660.00"
13028,"659.68"
15492,"659.46"
13518,"659.44"
13759,"659.41"
16357,"658.88"
14150,"658.64"
17874,"658.26"
16696,"657.90"
14818,"657.80"
17459,"657.30"
12616,"657.25"
15677,"657.23"
13049,"656.68"
16708,"656.63"
15197,"656.44"
16127,"656.25"
14894,"655.75"
16774,"654.92"
14651,"654.60"
17398,"653.38"
18151,"653.35"
16014,"653.13"
14044,"652.82"
14548,"652.80"
17523,"652.74"
16362,"652.07"
16734,"650.51"
15571,"650.43"
16469,"650.43"
16969,"650.41"
15098,"649.50"
15205,"648.83"
13430,"648.69"
16573,"648.41"
13564,"647.74"
15643,"647.40"
17373,"646.92"
12589,"646.68"
15651,"646.30"
17545,"645.96"
14855,"645.65"
14829,"644.65"
17312,"644.30"
16157,"644.24"
14126,"643.63"
12612,"643.59"
16431,"642.81"
14020,"642.80"
13034,"642.77"
17779,"642.17"
17046,"642.02"
16554,"641.55"
12624,"641.13"
13417,"640.83"
13318,"640.76"
12631,"640.50"
15919,"639.89"
17515,"639.02"
16444,"638.77"
18160,"638.06"
14754,"638.05"
14664,"637.89"
14128,"637.50"
14481,"636.51"
15829,"636.14"
15384,"635.76"
15773,"635.68"
16139,"635.41"
15100,"635.10"
15297,"635.04"
17985,"634.95"
14000,"633.71"
15045,"633.66"
13892,"632.97"
14220,"632.40"
14301,"632.04"
13822,"632.00"
14021,"631.90"
15244,"631.57"
17990,"630.84"
17994,"629.69"
13046,"629.31"
13525,"628.78"
14687,"628.38"
16022,"628.28"
13388,"627.15"
15028,"627.13"
13546,"626.99"
15402,"626.77"
14036,"626.65"
18218,"626.38"
14382,"626.07"
16750,"623.93"
16718,"623.75"
13368,"623.40"
15258,"623.16"
17499,"622.88"
15182,"622.85"
17867,"622.75"
18217,"621.75"
16915,"621.68"
17640,"621.66"
13402,"621.23"
16141,"620.40"
12667,"620.13"
14529,"620.04"
13493,"618.63"
16613,"618.59"
12596,"618.27"
13301,"618.09"
14593,"617.99"
13496,"617.93"
14377,"617.05"
16442,"616.79"
13925,"616.65"
16311,"616.26"
15215,"615.99"
16005,"615.39"
13145,"614.77"
16566,"614.01"
13914,"613.95"
15073,"612.43"
18149,"612.08"
15232,"612.06"
15645,"612.01"
16109,"611.88"
14152,"611.09"
13731,"610.59"
12673,"610.52"
15795,"610.01"
13357,"609.95"
14636,"609.85"
15275,"609.19"
13933,"608.79"
15147,"608.65"
12719,"608.10"
14342,"607.71"
15573,"607.45"
12933,"606.28"
14710,"606.13"
13539,"605.84"
17849,"605.80"
13888,"605.63"
17507,"605.58"
13233,"605.12"
13558,"605.06"
14675,"604.75"
17664,"604.64"
12944,"604.51"
16732,"603.75"
12556,"603.71"
12649,"603.71"
16134,"603.69"
12707,"603.42"
17259,"603.37"
15322,"602.97"
15366,"602.51"
16306,"602.27"
17890,"602.09"
12654,"601.98"
14609,"601.56"
18183,"600.52"
12420,"600.39"
13243,"600.07"
18211,"600.07"
12872,"599.97"
15648,"599.90"
14905,"599.90"
12521,"599.68"
14965,"599.00"
17420,"598.83"
14467,"598.76"
15720,"598.73"
13311,"598.57"
16298,"598.20"
13959,"598.20"
17864,"597.50"
16788,"597.48"
14645,"597.09"
15381,"596.85"
18246,"596.10"
12577,"595.40"
16654,"594.97"
16763,"594.90"
14108,"594.16"
15442,"594.00"
12917,"594.00"
16535,"593.75"
17119,"593.61"
16116,"592.88"
13811,"591.75"
13276,"590.93"
14133,"590.34"
13270,"590.00"
13452,"590.0"
14882,"589.70"
18123,"589.44"
16723,"589.15"
16203,"589.15"
15624,"588.13"
17351,"587.15"
12513,"586.79"
17360,"585.79"
15222,"585.00"
16384,"584.50"
16072,"584.32"
14023,"584.07"
13557,"584.06"
15762,"583.75"
16838,"582.90"
15969,"582.90"
12426,"582.73"
13427,"582.60"
17970,"582.59"
18232,"582.47"
12695,"582.10"
14692,"582.05"
15768,"581.83"
18095,"580.05"
16906,"579.77"
17142,"579.00"
13292,"578.94"
13314,"578.66"
14284,"578.45"
14410,"576.30"
16916,"576.26"
15550,"575.63"
16345,"575.41"
13487,"575.40"
14167,"574.84"
12784,"574.42"
14323,"574.26"
15303,"574.02"
14176,"574.00"
15415,"572.81"
13379,"572.56"
13405,"572.451"
12816,"572.20"
17616,"571.20"
15821,"570.96"
14592,"570.46"
17540,"570.40"
16667,"570.13"
12601,"569.56"
13321,"567.36"
18150,"566.58"
12384,"566.16"
17014,"565.58"
14753,"563.15"
17265,"562.90"
12414,"562.41"
13946,"561.57"
13044,"560.47"
14273,"559.97"
16275,"559.87"
14400,"559.70"
18043,"559.51"
12866,"559.12"
17503,"558.96"
13800,"558.32"
13260,"557.62"
15339,"557.57"
17955,"557.30"
17295,"556.95"
13939,"556.75"
16385,"555.89"
13816,"555.04"
14805,"554.65"
14177,"554.46"
14891,"554.38"
14338,"554.22"
15068,"553.36"
12879,"552.57"
12363,"552.00"
15315,"551.54"
17674,"551.04"
17291,"550.80"
17235,"550.06"
12390,"549.84"
16340,"549.07"
16031,"548.94"
15830,"547.70"
16811,"547.07"
17637,"547.06"
17520,"546.81"
12743,"546.43"
17806,"546.04"
12793,"545.48"
12987,"545.00"
16475,"544.30"
13617,"544.18"
13390,"544.08"
16927,"543.05"
16211,"542.77"
13278,"542.73"
16230,"542.03"
17447,"541.53"
17557,"541.46"
17897,"541.10"
14997,"540.98"
13874,"540.45"
16536,"539.02"
13812,"539.00"
14496,"538.81"
15452,"538.73"
14618,"538.59"
15539,"538.46"
16278,"537.83"
17345,"537.74"
14474,"537.71"
14539,"537.48"
16206,"537.06"
15043,"537.00"
16804,"536.99"
12559,"536.21"
13894,"535.97"
16142,"535.34"
12988,"535.32"
13000,"534.85"
13385,"534.57"
17062,"534.47"
17443,"534.24"
13434,"534.24"
15756,"532.96"
15825,"532.94"
16706,"531.35"
14265,"530.18"
18159,"530.15"
16933,"530.08"
14002,"529.73"
14463,"529.62"
16185,"529.41"
17631,"528.33"
17623,"527.05"
18252,"526.67"
17888,"525.78"
17290,"525.24"
15891,"524.52"
13721,"524.14"
17329,"523.11"
18017,"523.00"
17712,"522.91"
14871,"522.38"
15149,"520.80"
14873,"519.68"
12571,"519.61"
13643,"519.44"
16650,"518.42"
15030,"518.28"
16135,"517.55"
17454,"517.53"
18205,"517.36"
12811,"514.85"
15246,"514.15"
17513,"513.20"
17805,"512.31"
17429,"512.12"
14034,"512.02"
15467,"511.88"
12582,"511.36"
14851,"511.35"
15655,"511.32"
16561,"511.12"
16325,"510.54"
12904,"509.58"
12436,"509.01"
15417,"508.80"
17391,"508.80"
14317,"508.58"
17958,"508.46"
17415,"507.84"
14158,"507.66"
14820,"507.29"
15721,"507.08"
16960,"507.05"
13885,"506.80"
17480,"506.51"
16614,"506.19"
14014,"505.18"
15469,"504.50"
12863,"504.20"
12991,"503.76"
17630,"503.60"
15006,"502.09"
13865,"501.56"
13247,"501.12"
16616,"500.42"
15389,"500.00"
14958,"499.68"
14077,"499.42"
15193,"499.32"
14681,"498.95"
15142,"498.74"
17298,"498.42"
16820,"497.61"
17495,"497.56"
16368,"497.43"
16892,"496.84"
15300,"496.44"
17053,"496.38"
17374,"495.77"
15882,"495.36"
16602,"494.73"
15448,"494.64"
16352,"494.44"
17333,"494.25"
12763,"494.08"
16955,"493.67"
13176,"492.84"
14270,"492.65"
15507,"492.36"
16488,"492.20"
13732,"491.86"
14236,"490.86"
15000,"490.52"
14416,"490.22"
18074,"489.60"
17361,"488.20"
13984,"488.03"
14396,"487.99"
15165,"487.75"
16643,"487.51"
15081,"487.35"
13675,"486.82"
17453,"486.72"
13153,"486.22"
12639,"486.10"
17658,"485.88"
15287,"485.24"
13116,"485.19"
16999,"484.82"
16504,"484.38"
12809,"484.36"
14130,"483.86"
13531,"483.80"
12808,"483.65"
17555,"483.26"
14450,"483.25"
16603,"482.47"
16693,"482.01"
18216,"481.75"
16863,"481.35"
16518,"480.92"
16812,"479.35"
16008,"478.78"
12644,"477.91"
12479,"477.30"
15091,"476.96"
15344,"476.58"
12447,"476.49"
15780,"475.28"
15349,"473.81"
15557,"473.65"
16859,"473.14"
16374,"473.03"
14013,"473.02"
17950,"472.12"
17964,"471.70"
13043,"471.57"
16885,"471.51"
15963,"470.76"
15471,"469.48"
15026,"469.00"
13005,"468.95"
14896,"468.77"
14147,"468.40"
14335,"468.26"
14029,"467.66"
13579,"467.04"
13248,"465.68"
15036,"465.55"
17140,"465.32"
13928,"464.57"
16586,"463.95"
14967,"463.80"
15109,"463.75"
12787,"463.66"
17418,"463.46"
14489,"463.38"
14853,"463.05"
12945,"462.95"
14331,"462.66"
14470,"461.19"
12391,"460.89"
16824,"460.64"
16805,"460.59"
12491,"460.40"
15535,"459.90"
13092,"459.83"
12355,"459.40"
16589,"459.24"
17880,"458.92"
16768,"458.04"
17392,"457.91"
15092,"457.81"
15121,"457.72"
14497,"457.47"
13398,"457.34"
12564,"456.90"
15589,"456.58"
15018,"456.26"
12999,"455.88"
15754,"455.67"
12375,"455.42"
15585,"455.30"
16529,"455.25"
15223,"454.90"
16038,"454.33"
13485,"454.24"
15475,"454.11"
17564,"454.01"
12729,"453.01"
18071,"453.00"
14184,"452.89"
12591,"452.85"
13506,"452.82"
17460,"452.63"
12970,"452.24"
18158,"451.75"
16574,"451.44"
14173,"450.84"
17040,"449.73"
13489,"449.52"
12448,"449.45"
15739,"449.12"
18176,"448.65"
14780,"447.68"
15456,"447.22"
15368,"446.94"
15889,"446.87"
17370,"446.18"
18006,"444.68"
16898,"444.46"
14638,"443.60"
16404,"443.05"
18222,"443.00"
14093,"442.85"
16163,"441.60"
15877,"440.78"
17579,"440.20"
18233,"440.0"
14022,"440.00"
15524,"440.0"
16025,"439.66"
16968,"439.43"
13358,"439.03"
14513,"438.49"
15468,"438.46"
15881,"438.24"
14272,"437.96"
12552,"437.82"
16034,"437.70"
12592,"437.60"
15553,"437.23"
16084,"436.18"
15551,"436.06"
16948,"435.02"
16236,"432.20"
16881,"432.00"
13338,"431.82"
13359,"431.26"
15976,"430.94"
13066,"430.90"
18106,"430.70"
13245,"430.50"
12795,"430.48"
12827,"430.15"
14998,"429.87"
16884,"429.84"
15450,"429.84"
15230,"429.60"
15957,"428.89"
13602,"428.89"
16324,"428.68"
12452,"428.57"
17869,"428.18"
15360,"427.93"
12725,"427.80"
12740,"427.60"
15994,"427.07"
13171,"426.81"
17223,"426.79"
15930,"426.63"
15406,"426.61"
15639,"425.32"
16780,"425.19"
15646,"425.14"
17134,"425.00"
17371,"423.89"
13140,"423.72"
16119,"423.36"
15012,"423.04"
18034,"422.88"
17525,"422.70"
18240,"422.58"
16233,"422.13"
17232,"421.52"
14757,"420.50"
15206,"420.30"
14124,"419.58"
15361,"418.92"
15967,"418.83"
12593,"418.10"
17701,"417.95"
15433,"417.87"
16629,"417.73"
16737,"417.60"
13473,"417.54"
12833,"417.38"
18001,"417.23"
16816,"417.06"
13889,"416.90"
15935,"416.86"
12493,"416.79"
16957,"416.64"
15803,"415.82"
14139,"415.82"
12580,"415.70"
15725,"415.25"
16795,"414.88"
12993,"414.76"
13166,"414.70"
17483,"414.04"
14288,"413.85"
17052,"413.75"
13974,"413.59"
16834,"413.46"
12802,"412.58"
13827,"412.05"
15523,"412.01"
16272,"411.70"
17913,"411.60"
14670,"411.53"
15186,"411.41"
12579,"410.72"
15099,"410.48"
15695,"409.98"
12930,"409.90"
12403,"409.70"
14348,"409.57"
12990,"409.50"
15225,"409.40"
16243,"409.10"
16018,"408.90"
15269,"408.80"
16399,"408.57"
17931,"408.36"
16010,"407.50"
15184,"406.76"
15127,"406.53"
16947,"406.48"
14616,"406.08"
16204,"405.71"
18036,"405.62"
12922,"405.38"
17379,"404.66"
15938,"404.58"
16319,"404.40"
12498,"403.70"
17431,"403.30"
12386,"401.90"
15158,"401.40"
16500,"400.86"
16198,"400.681"
12792,"400.54"
14157,"400.43"
13615,"399.99"
15809,"399.21"
18154,"399.19"
15522,"398.84"
17830,"398.70"
12508,"398.27"
14431,"397.76"
17926,"397.29"
12824,"397.12"
13594,"396.97"
13673,"396.92"
17486,"396.87"
15883,"396.48"
18067,"396.33"
16354,"395.80"
18164,"394.70"
16207,"394.38"
15386,"394.14"
15264,"393.74"
17226,"393.49"
14600,"393.33"
14620,"393.28"
15837,"391.98"
15342,"391.76"
16917,"391.52"
13255,"390.66"
17614,"390.07"
14910,"389.86"
17936,"389.84"
14752,"389.64"
16250,"389.44"
13352,"389.28"
15847,"389.27"
12690,"389.01"
17595,"388.79"
15592,"388.58"
13899,"388.52"
17035,"388.33"
16776,"388.28"
14538,"388.25"
17357,"388.14"
17817,"387.68"
17508,"387.31"
14114,"386.53"
14779,"386.15"
14420,"385.87"
13821,"385.64"
17711,"385.10"
13833,"384.80"
17250,"384.52"
17189,"384.40"
17205,"384.08"
16982,"384.06"
12733,"383.95"
12515,"383.70"
15440,"383.68"
15424,"383.34"
14460,"383.34"
12832,"383.03"
13817,"382.98"
18181,"382.80"
13657,"382.14"
17999,"382.06"
13873,"381.70"
15090,"381.32"
16441,"381.20"
12871,"380.64"
15048,"380.57"
16930,"380.55"
17138,"380.50"
12890,"380.47"
16769,"380.39"
17031,"380.35"
14731,"380.02"
17239,"379.95"
14594,"379.83"
16552,"379.73"
13656,"379.65"
13589,"379.65"
14619,"379.51"
17878,"379.45"
16484,"379.40"
15885,"379.35"
13372,"378.64"
13954,"378.59"
17438,"378.30"
17078,"378.20"
13345,"377.60"
12982,"377.20"
15025,"377.01"
17489,"376.64"
14448,"375.35"
14048,"375.13"
14079,"375.10"
16147,"375.00"
14067,"374.70"
17492,"374.57"
12873,"374.00"
13351,"373.94"
13569,"373.75"
16903,"373.24"
16239,"372.90"
17375,"372.50"
12981,"372.22"
16065,"372.09"
17765,"371.88"
15472,"371.56"
15975,"371.01"
15063,"370.80"
16343,"370.48"
16758,"369.34"
14888,"369.20"
16372,"367.93"
15345,"367.69"
17911,"366.23"
17358,"365.85"
17432,"365.76"
13300,"365.29"
16202,"365.27"
15429,"364.90"
14886,"364.80"
15949,"364.72"
12373,"364.60"
15343,"364.50"
14528,"364.22"
16909,"364.14"
12538,"363.95"
17330,"363.90"
15901,"363.88"
14171,"363.79"
16509,"363.70"
16485,"363.65"
12915,"363.65"
18056,"363.65"
15922,"363.60"
14932,"363.53"
13856,"363.40"
14427,"363.34"
16378,"362.95"
17573,"362.90"
16052,"362.06"
13844,"361.62"
13936,"361.28"
14950,"361.25"
16305,"361.22"
13291,"361.11"
15872,"360.93"
16595,"360.16"
13780,"360.01"
13298,"360.00"
15664,"358.63"
14690,"358.61"
17948,"358.56"
16823,"358.38"
13228,"358.00"
13976,"357.98"
16274,"357.95"
17025,"357.77"
18040,"357.20"
13453,"356.98"
14500,"356.85"
15247,"356.00"
12544,"355.70"
14537,"355.56"
12617,"355.53"
17742,"355.11"
13642,"354.80"
17222,"354.15"
15870,"354.09"
12845,"354.09"
12715,"353.86"
17252,"353.86"
13173,"353.65"
13210,"353.48"
14804,"353.27"
17976,"353.19"
15678,"352.70"
18112,"352.69"
15334,"351.67"
14333,"351.45"
15789,"351.30"
13923,"351.13"
15900,"351.11"
13332,"350.90"
13740,"350.75"
17835,"350.64"
17795,"350.39"
13919,"350.16"
13108,"350.06"
12532,"349.83"
13670,"349.70"
13887,"349.55"
15405,"349.10"
13927,"348.99"
13790,"348.80"
18127,"348.73"
12527,"348.71"
15579,"348.60"
16159,"348.20"
13052,"348.15"
14379,"348.10"
18155,"347.82"
17668,"347.75"
12895,"347.30"
13587,"347.00"
13062,"346.98"
15713,"346.75"
12566,"346.70"
13649,"346.60"
16423,"346.12"
16858,"345.89"
15840,"345.66"
17123,"345.30"
13774,"345.00"
14633,"344.90"
16978,"344.33"
17569,"344.14"
13068,"344.00"
15120,"343.82"
15047,"343.62"
15520,"343.50"
18081,"343.45"
12875,"343.23"
14320,"343.11"
18250,"342.92"
17201,"342.63"
16851,"342.45"
16826,"341.70"
13347,"341.36"
17917,"341.28"
14491,"340.93"
12519,"340.84"
15115,"340.11"
13737,"339.60"
17045,"339.44"
16545,"339.30"
17697,"338.95"
17839,"338.80"
16183,"338.71"
15652,"337.74"
17736,"337.49"
15942,"337.44"
13930,"337.34"
17973,"337.04"
16105,"336.96"
17914,"336.43"
17384,"336.40"
15619,"336.40"
14954,"336.17"
18078,"336.13"
15921,"336.03"
14196,"335.52"
16063,"335.32"
17221,"335.13"
12489,"334.93"
14988,"334.54"
15466,"334.53"
12350,"334.40"
15918,"334.23"
13216,"333.74"
15781,"333.56"
13727,"333.48"
16625,"333.08"
13904,"332.64"
16850,"332.41"
16803,"332.30"
16177,"331.95"
16030,"331.24"
15210,"331.18"
12891,"331.00"
16478,"331.00"
17862,"330.90"
15714,"330.88"
13706,"330.79"
14517,"330.45"
15130,"330.11"
16593,"330.03"
12953,"329.85"
14716,"329.68"
17615,"329.60"
13239,"329.56"
17154,"329.34"
15153,"329.25"
14012,"328.80"
16855,"328.40"
16318,"328.15"
15314,"327.97"
14024,"327.70"
16366,"327.30"
14870,"327.25"
16322,"326.75"
17715,"326.40"
14987,"326.40"
16071,"326.24"
12844,"325.96"
16830,"325.91"
17866,"325.70"
15944,"325.10"
15213,"325.05"
12790,"324.92"
13801,"324.80"
16685,"324.24"
18261,"324.24"
14555,"324.14"
15675,"323.69"
18276,"323.36"
17793,"323.04"
13955,"322.96"
16627,"322.80"
16342,"322.41"
14424,"322.08"
14484,"321.92"
14823,"321.43"
13497,"321.05"
15236,"321.05"
18117,"320.72"
12365,"320.69"
16096,"320.62"
14622,"320.58"
13986,"320.46"
13091,"319.82"
16716,"319.80"
16674,"319.61"
14264,"319.47"
16499,"319.10"
16967,"319.02"
17229,"318.76"
17248,"318.65"
14703,"318.17"
15363,"318.05"
12648,"318.05"
18066,"318.00"
17267,"317.62"
16386,"317.20"
15385,"316.88"
15243,"316.68"
16761,"316.62"
15204,"316.58"
17458,"316.50"
13494,"316.26"
14479,"316.25"
15597,"315.72"
12614,"315.60"
15766,"315.06"
16091,"315.06"
16473,"314.86"
17237,"314.69"
16193,"314.45"
12650,"314.44"
14902,"314.11"
15970,"314.10"
13484,"313.80"
12888,"313.77"
16582,"313.62"
14729,"313.49"
15880,"313.28"
17172,"313.26"
13845,"312.98"
15318,"312.62"
16739,"312.55"
12834,"312.38"
17362,"312.23"
17070,"312.14"
16450,"311.92"
14142,"311.81"
15326,"311.71"
14951,"311.69"
14327,"311.65"
13990,"311.30"
17854,"311.26"
13897,"311.16"
17266,"310.64"
15185,"310.62"
15224,"310.48"
14924,"310.05"
15101,"310.03"
15661,"309.80"
15699,"309.65"
14847,"309.40"
17604,"309.36"
12884,"309.05"
13787,"309.04"
15010,"308.94"
13699,"308.58"
17510,"308.48"
16227,"308.32"
14206,"308.26"
16123,"307.78"
13529,"307.76"
13395,"307.72"
13060,"307.53"
17120,"307.46"
13932,"307.40"
13142,"307.09"
15087,"306.94"
17551,"306.84"
16668,"306.72"
17334,"306.60"
17157,"306.55"
13718,"306.55"
15659,"306.45"
17176,"306.13"
15219,"305.75"
12785,"305.71"
16796,"305.62"
16181,"305.54"
13045,"305.28"
12623,"305.10"
13667,"305.02"
17941,"304.56"
15163,"304.47"
18185,"304.25"
17732,"303.97"
16400,"303.93"
13343,"303.93"
13083,"303.75"
16689,"303.26"
17433,"303.16"
15060,"303.09"
16425,"302.70"
14248,"302.58"
18165,"302.46"
16104,"302.36"
15308,"302.27"
15054,"302.10"
16715,"301.72"
15667,"301.32"
15148,"301.29"
15623,"301.03"
17978,"300.92"
16430,"300.85"
16479,"300.83"
14762,"300.52"
13304,"300.42"
15254,"300.36"
12852,"299.75"
16402,"299.60"
13863,"299.56"
18215,"299.34"
17124,"298.89"
17255,"298.41"
17824,"298.40"
17678,"298.11"
12881,"298.00"
13466,"297.95"
18220,"297.78"
18053,"297.07"
15857,"297.00"
13708,"296.88"
14985,"296.75"
18059,"296.71"
13441,"296.64"
13751,"296.25"
13504,"295.93"
17912,"295.61"
16781,"294.65"
13573,"294.40"
14747,"294.30"
17506,"294.29"
15732,"294.12"
17531,"293.45"
17163,"293.10"
15545,"292.72"
16721,"292.47"
16956,"292.34"
13259,"292.32"
13502,"292.00"
13449,"291.88"
13745,"291.54"
13544,"291.41"
14656,"291.05"
13479,"291.00"
14947,"290.82"
17691,"290.40"
16526,"290.36"
17081,"290.16"
14784,"289.99"
17464,"289.96"
14339,"289.91"
14953,"289.82"
14162,"289.36"
16125,"289.35"
14549,"289.24"
17501,"288.60"
16808,"288.42"
15396,"288.18"
17977,"288.14"
17760,"287.59"
16432,"287.40"
16998,"287.02"
13760,"286.79"
16555,"285.89"
14660,"285.74"
17080,"285.50"
16429,"284.55"
13439,"283.71"
17783,"283.47"
17251,"283.28"
17694,"283.12"
13754,"282.60"
13177,"282.45"
17247,"282.19"
16557,"281.85"
17403,"281.62"
16848,"281.42"
16292,"280.90"
14242,"280.55"
13606,"280.54"
16149,"280.52"
14975,"279.94"
15556,"279.77"
14480,"279.05"
17786,"278.74"
14850,"278.15"
14908,"277.80"
15279,"277.41"
17968,"277.35"
13803,"277.07"
15355,"277.05"
16883,"276.73"
13272,"276.56"
14508,"276.42"
12750,"275.88"
16810,"275.64"
16297,"275.40"
14512,"275.28"
12703,"274.70"
18190,"274.51"
16313,"274.15"
16727,"272.82"
17254,"272.44"
13085,"272.38"
17498,"272.22"
14819,"272.07"
13917,"272.04"
14816,"271.85"
13058,"271.40"
13837,"271.24"
17767,"271.20"
17496,"271.05"
17011,"270.90"
16648,"270.86"
15774,"270.80"
13533,"270.79"
14520,"270.60"
13242,"270.40"
17094,"270.20"
15609,"270.03"
14727,"268.58"
15408,"267.18"
17550,"267.16"
15320,"267.13"
17708,"267.08"
15517,"267.03"
16451,"266.97"
14863,"266.76"
15119,"266.40"
12962,"266.39"
15019,"266.00"
17636,"265.93"
14068,"265.85"
17430,"265.76"
14423,"265.20"
13973,"264.70"
18108,"264.65"
15912,"264.62"
14452,"264.44"
13369,"263.75"
15894,"263.55"
12492,"263.21"
16936,"262.68"
17194,"262.62"
16413,"262.20"
17385,"261.11"
13189,"260.68"
14053,"260.25"
15014,"260.17"
15143,"259.45"
14149,"259.43"
16217,"259.39"
17125,"259.35"
13127,"259.17"
16447,"259.01"
15577,"258.88"
14915,"258.83"
14350,"258.70"
13277,"258.40"
13227,"257.70"
14375,"257.68"
13626,"257.23"
12430,"256.40"
13806,"256.38"
17896,"256.32"
15277,"255.90"
14761,"255.90"
14881,"255.40"
16226,"255.12"
15261,"254.82"
13121,"254.73"
12604,"254.18"
14765,"254.11"
15689,"254.10"
12829,"253.05"
15759,"253.04"
17860,"252.80"
15035,"252.73"
13404,"252.49"
15346,"252.42"
18009,"252.24"
13645,"252.10"
13711,"252.06"
16836,"251.87"
17155,"251.70"
16976,"251.52"
16024,"251.24"
13512,"251.21"
14764,"250.55"
13207,"250.26"
16596,"250.15"
17303,"250.04"
15510,"250.0"
17456,"249.86"
17190,"249.74"
18005,"249.72"
13061,"248.61"
17111,"248.61"
18212,"248.42"
16510,"248.10"
15097,"248.08"
13592,"247.96"
15107,"247.66"
13349,"247.32"
14658,"247.15"
17051,"247.14"
15783,"246.30"
17278,"246.04"
12908,"246.00"
16778,"245.94"
17771,"245.81"
12660,"245.10"
15118,"244.80"
16601,"244.80"
16528,"244.41"
17892,"244.10"
17925,"244.08"
13103,"243.94"
16793,"243.84"
16048,"243.69"
13886,"243.56"
15634,"243.55"
17339,"243.36"
17908,"243.28"
14647,"243.22"
16215,"242.35"
16330,"242.21"
15776,"241.62"
14523,"241.09"
16427,"241.06"
15286,"240.55"
15154,"240.27"
13565,"240.22"
17256,"240.00"
17181,"239.92"
15690,"239.76"
13570,"239.49"
17684,"239.41"
16756,"239.40"
18270,"238.95"
15850,"238.85"
12561,"238.85"
12718,"238.25"
17877,"237.61"
15457,"237.07"
18024,"236.78"
12732,"236.26"
16026,"236.09"
13187,"236.02"
15598,"235.68"
15462,"234.60"
14473,"234.34"
17060,"234.24"
16961,"234.17"
12736,"234.00"
15483,"233.81"
13348,"233.76"
16583,"233.45"
14995,"233.23"
13678,"232.60"
18213,"232.48"
16971,"232.21"
16117,"232.21"
15257,"232.15"
15393,"231.86"
16641,"231.10"
16321,"230.70"
15866,"230.53"
16445,"230.51"
13786,"230.40"
16926,"230.25"
13960,"230.22"
14311,"229.71"
12812,"229.64"
13474,"229.59"
15528,"229.33"
17347,"228.96"
13146,"228.91"
13712,"228.84"
13070,"228.80"
17969,"228.20"
16527,"228.06"
14569,"227.39"
17212,"226.85"
17572,"226.75"
16315,"226.37"
16777,"226.35"
12672,"225.90"
17789,"225.90"
14624,"225.85"
14357,"225.77"
12402,"225.60"
14052,"225.36"
16587,"225.15"
17171,"224.91"
15175,"224.14"
16471,"223.95"
16753,"223.92"
14929,"223.88"
13926,"223.85"
18101,"223.65"
17534,"223.36"
15637,"223.36"
13382,"222.99"
15897,"222.05"
14598,"221.97"
14960,"221.27"
16392,"221.19"
13419,"221.06"
15790,"220.85"
18030,"220.70"
16482,"220.62"
13079,"220.10"
18114,"220.10"
13600,"219.52"
15096,"219.39"
16895,"219.14"
12702,"219.00"
14205,"218.78"
13669,"218.55"
17619,"218.52"
13428,"218.47"
12574,"218.45"
14570,"218.06"
16634,"217.90"
15554,"217.20"
13739,"216.90"
13503,"216.85"
15460,"216.76"
12897,"216.50"
15604,"216.39"
17436,"216.30"
14104,"216.21"
13858,"216.17"
16179,"215.83"
15052,"215.78"
17580,"215.72"
14476,"215.70"
16189,"215.48"
16519,"215.08"
16190,"215.08"
12831,"215.05"
12588,"214.90"
16338,"214.80"
16411,"214.65"
16846,"214.32"
14793,"214.14"
16647,"214.06"
14601,"213.96"
13621,"213.85"
17153,"213.78"
14241,"213.70"
13411,"213.55"
16591,"213.50"
15540,"213.30"
14984,"213.27"
16897,"213.03"
18193,"212.96"
16302,"212.82"
17928,"212.54"
15724,"212.30"
16017,"211.88"
15703,"211.50"
16415,"210.35"
16356,"210.32"
13532,"210.31"
13828,"209.49"
17855,"208.97"
15327,"208.75"
17514,"208.65"
16690,"208.63"
16914,"208.46"
16457,"208.36"
18191,"207.80"
12547,"207.80"
16866,"207.74"
16752,"207.50"
16323,"207.50"
17923,"207.50"
13099,"207.36"
15925,"207.15"
15820,"206.98"
18126,"206.83"
14964,"206.21"
18110,"206.05"
13065,"205.86"
17670,"205.70"
17843,"205.48"
15307,"205.30"
15758,"205.25"
13513,"205.10"
15319,"204.50"
16619,"204.41"
17206,"204.24"
18273,"204.00"
13017,"204.00"
17187,"203.95"
17889,"203.87"
17394,"203.87"
17891,"203.86"
17376,"203.20"
15723,"203.10"
14381,"202.68"
18169,"202.65"
14385,"202.11"
15347,"201.60"
16965,"201.19"
13859,"201.16"
12995,"200.72"
13262,"200.29"
15437,"200.16"
13980,"200.14"
14782,"200.10"
13723,"199.85"
15593,"199.80"
13322,"199.48"
17383,"199.29"
16832,"199.15"
17987,"198.57"
13295,"197.95"
16178,"197.90"
12450,"197.88"
12581,"197.71"
14185,"197.65"
14789,"197.64"
17301,"197.63"
16829,"197.22"
14830,"197.13"
14304,"197.10"
15234,"197.00"
13436,"196.89"
13978,"196.79"
13284,"196.15"
17660,"196.00"
16112,"195.74"
13792,"195.55"
14666,"195.25"
15612,"195.15"
14100,"194.90"
16887,"194.88"
17475,"194.37"
12797,"194.18"
15683,"193.75"
17343,"193.64"
15198,"193.64"
16847,"193.44"
17608,"193.42"
14806,"193.39"
14801,"193.14"
13568,"192.85"
12522,"192.72"
12791,"192.60"
15909,"191.94"
14966,"191.32"
17988,"191.17"
15692,"191.04"
17233,"190.88"
13033,"190.55"
15412,"190.53"
14501,"190.31"
13972,"190.25"
17885,"190.19"
12361,"189.90"
17166,"189.49"
13663,"189.47"
18045,"189.40"
16448,"188.89"
14697,"188.61"
12893,"188.14"
17781,"188.02"
14722,"187.92"
17279,"187.83"
16900,"187.69"
18013,"187.29"
16124,"187.15"
17693,"187.02"
14551,"186.23"
15567,"186.01"
12641,"185.90"
17574,"185.65"
17010,"185.46"
14199,"185.40"
16097,"185.05"
13482,"184.64"
17680,"184.40"
16433,"184.26"
15124,"184.19"
16680,"183.70"
14059,"183.60"
13460,"183.44"
13059,"183.40"
15746,"182.96"
17772,"182.77"
14082,"182.25"
14087,"181.67"
18119,"181.12"
15886,"181.09"
16594,"181.09"
15945,"181.00"
15292,"180.94"
16835,"180.85"
18280,"180.60"
13710,"180.48"
15041,"180.35"
12622,"180.10"
12586,"179.94"
18147,"179.34"
15895,"179.17"
15454,"179.10"
16990,"179.00"
14705,"179.00"
15139,"178.96"
16620,"178.96"
15262,"178.95"
17904,"178.92"
13778,"178.70"
17879,"178.52"
13008,"178.47"
17253,"178.26"
13271,"178.26"
17356,"178.22"
13618,"177.34"
12618,"177.31"
13072,"177.15"
17440,"177.10"
12923,"176.97"
17947,"176.68"
16080,"176.60"
18282,"176.60"
12509,"176.50"
17582,"175.27"
16144,"175.20"
17331,"175.20"
18010,"174.80"
13826,"174.65"
14355,"174.40"
13560,"174.37"
14518,"174.37"
15335,"173.97"
18278,"173.90"
14798,"173.74"
16565,"173.70"
12441,"173.55"
15565,"173.16"
15670,"173.05"
14693,"172.90"
18048,"172.29"
13922,"172.25"
13690,"172.25"
12442,"172.06"
14536,"171.80"
16773,"171.59"
17245,"171.45"
15432,"171.19"
17542,"170.75"
18058,"170.16"
15016,"170.04"
16921,"169.79"
13962,"169.55"
14218,"169.48"
18004,"169.47"
12367,"168.90"
14578,"168.63"
14860,"168.62"
17367,"168.40"
18099,"168.31"
16282,"168.30"
17737,"168.24"
15986,"168.12"
15374,"168.00"
12551,"168.00"
18088,"167.67"
17561,"167.62"
16952,"167.61"
15920,"167.50"
13598,"167.42"
16405,"167.25"
14326,"166.85"
18014,"166.42"
17650,"166.08"
12817,"166.04"
14485,"165.75"
14552,"165.07"
18042,"165.05"
13470,"165.00"
15316,"165.00"
15904,"164.68"
17535,"164.40"
13603,"164.34"
12920,"164.23"
18200,"163.80"
14354,"163.62"
17110,"163.30"
13223,"163.20"
16406,"163.07"
15167,"163.00"
16517,"162.70"
15733,"162.30"
15325,"162.29"
16932,"161.94"
17600,"161.67"
15458,"161.64"
16113,"161.38"
14362,"161.20"
16403,"161.05"
14204,"161.03"
14237,"161.00"
14089,"161.00"
13229,"160.95"
15852,"160.71"
17344,"160.57"
12573,"160.54"
18203,"160.42"
18146,"160.35"
14714,"160.19"
12966,"160.18"
16213,"159.00"
18224,"158.95"
13937,"158.85"
17165,"158.68"
15160,"158.16"
15348,"158.04"
15988,"158.03"
17556,"157.90"
14799,"157.70"
14148,"157.20"
17128,"157.09"
14585,"157.05"
17118,"157.02"
15007,"156.91"
14406,"156.75"
15438,"156.58"
15263,"156.51"
13898,"155.93"
17871,"155.90"
17899,"155.80"
14813,"155.43"
17832,"155.37"
12738,"155.35"
16720,"155.24"
15447,"155.17"
13809,"155.05"
14368,"155.00"
14046,"154.99"
17698,"154.95"
15740,"154.88"
17026,"154.83"
14295,"154.70"
15226,"154.41"
17517,"153.94"
17286,"153.92"
16351,"153.90"
12602,"153.12"
17714,"153.00"
16248,"152.94"
17984,"152.68"
18138,"152.65"
14066,"152.55"
17707,"152.40"
14039,"152.20"
13514,"152.20"
17898,"152.06"
16617,"151.85"
16412,"151.83"
14208,"151.74"
16861,"151.65"
16461,"151.42"
13697,"151.30"
14287,"151.23"
16337,"151.05"
15717,"150.30"
17234,"149.89"
15869,"149.64"
17946,"149.58"
18262,"149.48"
15748,"149.31"
15435,"149.29"
13003,"149.05"
17549,"148.86"
15526,"148.44"
17859,"148.21"
14968,"147.59"
14098,"147.35"
14037,"147.20"
12864,"147.12"
15503,"147.09"
17030,"146.87"
14238,"146.85"
16893,"145.93"
17935,"145.79"
13866,"145.67"
15937,"145.35"
17524,"145.00"
16852,"144.91"
12974,"144.80"
12587,"144.00"
17186,"144.00"
13462,"143.25"
15705,"143.10"
16287,"142.50"
13299,"142.50"
13584,"142.40"
14386,"142.40"
13561,"141.86"
14041,"141.41"
15888,"141.27"
16598,"140.70"
15388,"140.54"
13420,"140.35"
13483,"140.34"
14494,"139.56"
14073,"139.54"
14768,"139.50"
16483,"139.35"
17718,"139.35"
14772,"139.26"
18209,"139.10"
13273,"138.98"
18269,"138.90"
12902,"138.68"
14581,"138.60"
17122,"138.32"
13716,"138.28"
15663,"138.14"
12512,"138.03"
16050,"137.90"
17709,"137.45"
17468,"137.00"
15691,"136.80"
14247,"136.77"
17972,"136.04"
12968,"135.95"
15042,"135.93"
14889,"135.90"
15419,"135.86"
15174,"135.75"
16114,"135.75"
16665,"135.40"
15276,"135.31"
12851,"135.18"
16055,"134.80"
14340,"134.70"
15562,"134.55"
14174,"134.46"
14586,"134.16"
12837,"134.10"
14280,"134.04"
13217,"133.62"
14349,"133.50"
12445,"133.40"
17881,"133.35"
15709,"133.25"
17647,"133.06"
17785,"131.94"
14438,"131.90"
17297,"131.78"
17455,"131.70"
14795,"131.45"
12565,"131.17"
15844,"130.74"
16679,"129.75"
16623,"129.45"
14483,"129.20"
16828,"128.50"
15543,"127.86"
17359,"127.86"
13781,"127.84"
15135,"127.15"
15578,"127.10"
15923,"127.08"
14962,"126.70"
13279,"126.30"
16414,"126.25"
15463,"126.14"
16988,"126.12"
12814,"125.92"
13522,"125.80"
14861,"125.79"
14890,"125.65"
15017,"125.58"
12531,"125.22"
17148,"124.88"
17578,"124.74"
16849,"124.57"
16569,"124.20"
14495,"123.80"
16658,"123.24"
15917,"123.10"
17967,"123.07"
13876,"122.70"
14413,"122.70"
13638,"122.64"
14165,"122.54"
14076,"122.47"
18018,"122.14"
13244,"121.74"
13182,"121.18"
15049,"121.17"
15512,"121.00"
16611,"120.99"
13002,"120.95"
17446,"120.90"
18015,"120.03"
14259,"120.00"
14314,"120.00"
14453,"119.93"
16542,"119.62"
15266,"119.30"
16666,"118.98"
15843,"118.95"
17079,"118.80"
14155,"118.75"
13581,"118.00"
13193,"117.88"
17654,"117.55"
15836,"117.47"
16959,"117.35"
13877,"117.24"
17117,"116.20"
13170,"116.01"
17601,"116.01"
14143,"115.80"
15350,"115.65"
13067,"115.46"
18027,"115.31"
14972,"114.77"
13188,"114.60"
14632,"114.56"
16247,"114.56"
14974,"114.39"
17852,"114.34"
17219,"114.23"
14652,"114.18"
12938,"114.14"
14582,"114.11"
15221,"114.10"
12651,"114.00"
12504,"114.00"
14457,"113.64"
15445,"113.50"
17217,"113.50"
18105,"113.48"
16913,"113.44"
15280,"113.12"
14689,"112.80"
13161,"112.75"
16697,"112.75"
13807,"112.60"
18129,"112.55"
15610,"112.46"
17038,"112.40"
14271,"112.32"
17893,"112.25"
12756,"112.08"
17274,"111.98"
17957,"111.68"
17887,"111.35"
18120,"111.15"
13508,"110.97"
13144,"110.95"
15537,"110.92"
15853,"110.80"
13519,"110.80"
17349,"110.75"
16963,"110.55"
14641,"110.46"
12734,"110.40"
17901,"110.38"
16792,"110.38"
17836,"110.21"
16339,"109.95"
13133,"109.80"
16363,"109.36"
14699,"109.13"
14345,"108.98"
17639,"108.50"
16106,"108.38"
13226,"108.21"
12956,"108.07"
14661,"107.95"
16784,"107.60"
15395,"107.45"
16757,"106.83"
15168,"106.56"
15070,"106.20"
17791,"106.10"
12929,"105.10"
15775,"104.90"
14027,"104.82"
15607,"104.76"
15958,"104.35"
18174,"104.00"
18255,"103.30"
14542,"103.25"
17962,"102.83"
18011,"102.79"
14836,"102.45"
14981,"102.12"
16462,"102.0"
13948,"102.00"
18068,"101.70"
16516,"101.70"
17643,"101.55"
16006,"101.40"
18086,"101.34"
13101,"101.19"
13235,"101.17"
16344,"101.10"
14946,"100.90"
17427,"100.80"
14371,"100.50"
15973,"99.77"
13703,"99.50"
17939,"99.14"
17746,"98.80"
15256,"98.45"
17538,"98.42"
17895,"98.00"
18033,"97.97"
15422,"97.70"
18277,"97.63"
12984,"97.50"
17325,"96.80"
15216,"96.60"
14642,"96.12"
17024,"95.85"
18249,"95.34"
12548,"95.20"
16387,"94.36"
16073,"94.35"
13651,"94.20"
15397,"94.00"
15428,"93.78"
18227,"93.75"
13283,"93.66"
17991,"93.35"
12821,"92.72"
14054,"92.46"
12789,"91.85"
13551,"91.80"
13160,"91.80"
12659,"91.68"
15488,"91.32"
14353,"90.60"
13947,"90.60"
16506,"90.30"
15552,"90.12"
16597,"90.04"
14117,"90.00"
14219,"89.94"
12686,"89.14"
14436,"89.06"
12353,"89.00"
15212,"88.95"
15083,"88.20"
18084,"87.53"
15180,"87.50"
13296,"87.40"
16498,"86.12"
15541,"85.13"
13841,"85.00"
13666,"84.65"
12401,"84.30"
17309,"82.75"
16424,"82.56"
13006,"81.57"
17620,"81.44"
18281,"80.82"
16789,"80.80"
13967,"80.70"
17752,"80.64"
14109,"80.20"
13747,"79.60"
15753,"79.20"
16078,"79.20"
17942,"77.50"
14785,"77.40"
13132,"77.30"
13992,"76.80"
14373,"76.55"
17536,"76.50"
14090,"76.32"
18113,"76.32"
15668,"76.32"
16148,"76.32"
17995,"76.10"
17628,"75.75"
16610,"75.66"
13403,"75.00"
16468,"74.90"
18050,"74.40"
13095,"74.40"
17960,"73.78"
12506,"73.50"
18032,"73.50"
16171,"73.20"
17906,"72.90"
13686,"72.00"
13938,"71.66"
13185,"71.40"
17022,"71.00"
16581,"70.44"
18037,"70.02"
15863,"68.84"
14393,"67.95"
17382,"65.4"
17747,"64.65"
13684,"64.23"
13130,"64.00"
13302,"63.75"
17263,"63.44"
14840,"62.85"
13218,"62.64"
15516,"62.43"
15729,"62.00"
12665,"61.75"
13194,"60.70"
17174,"59.90"
13391,"59.80"
13682,"59.50"
13106,"59.50"
14957,"58.49"
13080,"58.08"
17775,"56.40"
15899,"56.25"
13366,"56.16"
14760,"53.80"
16349,"53.50"
15504,"52.83"
14865,"52.20"
14682,"52.00"
15313,"52.00"
17844,"51.56"
14351,"51.00"
13011,"50.55"
18184,"49.80"
14821,"48.80"
15603,"48.48"
16257,"46.95"
14080,"45.60"
15423,"43.50"
14300,"43.20"
15992,"41.99"
13832,"40.95"
15178,"40.50"
14589,"39.75"
12977,"39.24"
16659,"39.12"
18019,"38.45"
12855,"38.10"
16162,"37.40"
17816,"36.56"
16856,"35.40"
14576,"35.40"
17831,"35.40"
15744,"34.80"
16765,"34.0"
17408,"32.65"
15940,"31.80"
13120,"30.60"
15657,"30.00"
17102,"25.50"
16953,"20.80"
17986,"20.80"
16093,"17.00"
13307,"15.00"
17900,"15.00"
17763,"15.00"
17956,"12.75"
16738,"3.75"
16446,"2.90"
16878,"0.00"
13762,"0.00"
18072,"0.00"
18268,"0.00"
18274,"0.00"
14792,"0.00"
13364,"0.00"
13256,"0.0"
12454,"0.00"
12558,"0.00"
12346,"0.00"
12607,"0.00"
14557,"0.00"
16742,"0.00"
16995,"-1.25"
14679,"-2.55"
16428,"-2.95"
12943,"-3.75"
12505,"-4.5"
12605,"-7.50"
16138,"-7.95"
16454,"-8.15"
17547,"-11.80"
12870,"-14.90"
14777,"-17.45"
14119,"-19.90"
14627,"-21.85"
17820,"-24.05"
16061,"-29.95"
15590,"-30.19"
16579,"-30.60"
16262,"-31.65"
13693,"-32.00"
18141,"-35.40"
14437,"-43.40"
18256,"-50.10"
13672,"-71.46"
15638,"-94.00"
16546,"-95.93"
13829,"-102.0"
13958,"-102.45"
17065,"-112.35"
15728,"-134.80"
17548,"-141.48"
17307,"-152.64"
12666,"-227.44"
16252,"-295.09"
15802,"-451.42"
13154,"-611.86"
15823,"-840.76"
12503,"-1126.0"
17603,"-1165.30"
14213,"-1192.20"
15369,"-1592.49"
17448,"-4287.63"
